{
  "n_train": 6090,
  "n_val": 1523,
  "accuracy": 0.8129,
  "f1": 0.7786,
  "roc_auc": 0.8702,
  "brier_score": 0.138,
  "confusion_matrix": [
    [
      737,
      132
    ],
    [
      153,
      501
    ]
  ],
  "report": {
    "not_disaster": {
      "precision": 0.8280898876404494,
      "recall": 0.8481012658227848,
      "f1-score": 0.8379761227970438,
      "support": 869.0
    },
    "disaster": {
      "precision": 0.7914691943127962,
      "recall": 0.7660550458715596,
      "f1-score": 0.7785547785547785,
      "support": 654.0
    },
    "accuracy": 0.8128693368351937,
    "macro avg": {
      "precision": 0.8097795409766229,
      "recall": 0.8070781558471722,
      "f1-score": 0.8082654506759112,
      "support": 1523.0
    },
    "weighted avg": {
      "precision": 0.8123643896520809,
      "recall": 0.8128693368351937,
      "f1-score": 0.8124596689989864,
      "support": 1523.0
    }
  },
  "train_seconds": 6.7
}